{"cameraMode":{"drawMode":0,"name":"Shaded","section":"Shading Mode"},"sceneLighting":true,"audioPlay":false,"sceneViewState":{"m_AlwaysRefresh":false,"showFog":true,"showSkybox":true,"showFlares":true,"showImageEffects":true,"showParticleSystems":true,"showVisualEffectGraphs":true,"m_FxEnabled":true},"in2DMode":false,"pivot":{"x":11.418920516967774,"y":22.276226043701173,"z":143.74571228027345},"rotation":{"x":-0.05398542433977127,"y":-0.059842903167009357,"z":-0.0031681873369961979,"w":0.9967737793922424},"size":100.6170654296875,"orthographic":false}