{"cameraMode":{"drawMode":0,"name":"Shaded","section":"Shading Mode"},"sceneLighting":true,"audioPlay":false,"sceneViewState":{"m_AlwaysRefresh":false,"showFog":true,"showSkybox":true,"showFlares":true,"showImageEffects":true,"showParticleSystems":true,"showVisualEffectGraphs":true,"m_FxEnabled":true},"in2DMode":false,"pivot":{"x":-28.356098175048829,"y":17.8195858001709,"z":144.6747589111328},"rotation":{"x":-0.028496358543634416,"y":-0.0868210718035698,"z":-0.0024285144172608854,"w":0.9958606362342835},"size":77.17411804199219,"orthographic":false}